feature,gain
sales_rollmean_7,1279986304.0
sales_lag_7,316344448.0
sales_lag_14,112447128.0
sales_lag_1,95366208.0
cluster_13,28431708.0
family_MEATS,26283118.0
sales_lag_28,21525018.0
is_quake_window,20155508.0
wom,14881987.0
family_EGGS,14273217.0
dow,11813688.0
is_holiday,11676736.0
doy,10141716.0
city_Playas,10107063.0
sales_rollmean_28,9790568.0
cluster_6,8755183.0
dom,8444617.0
family_FROZEN FOODS,8124445.5
family_GROCERY I,7905903.0
store_type_A,7128684.5
family_PRODUCE,6893584.5
is_payday_eom,6340626.0
month,6113739.5
store_type_D,5809735.0
cluster_5,5782538.5
city_Cuenca,5561652.0
onpromotion,5504501.5
city_Babahoyo,5499702.5
days_since_quake,5386702.5
store_type_B,5329801.0
