column,null_count
family,0
city,0
state,0
store_type,0
cluster,0
store_nbr,0
onpromotion,0
dow,0
dom,0
month,0
year,0
doy,0
wom,0
is_payday_15,0
is_payday_eom,0
days_to_15,0
days_to_eom,0
days_since_quake,0
is_quake_window,0
oil_price,1782
oil_rollmean_7,5346
oil_rollmean_14,12474
oil_rollmean_28,24948
is_holiday,0
is_bridge,0
is_work_day,0
is_additional,0
sales_lag_1,0
sales_lag_7,0
sales_lag_14,0
sales_lag_28,0
sales_rollmean_7,0
sales_rollmean_14,0
sales_rollmean_28,0
sales,0
